,Unnamed: 0,n1,n2,T1,P1,T2,P2,T3,P3,T34,P34,T4,P4,gc1,Qmfs,type
69,69,8671.5,5093.500000000001,288.0,94400.0,656.2485296402469,1169944.79881638,1280.5019399882851,1111447.5588755608,974.2371711061667,303487.1232896684,779.96857521346,99600.0,45.40365333909115,0.9166313398701827,4.0
325,325,9525.5,5947.500000000001,288.0,94400.0,742.5419447250715,1938244.488999831,1510.9152380428611,1841332.264549839,1139.5601077140054,456211.1181176353,827.1220824652543,99600.0,68.532054123997,1.7958213450860343,2.0
207,207,9098.5,5520.5,288.0,94400.0,705.3128984990283,1554505.3379013157,1425.7504685436616,1476780.07100625,1077.0653126134712,375894.0494963086,815.3705455176433,99600.0,56.99966198012572,1.3726470897538592,4.0
27,27,8458.0,4880.0,288.0,94400.0,644.5700995425941,1077966.0405452678,1303.0136352872687,1024067.7385180044,999.842702262524,288555.5905439377,809.0775868655613,99600.0,41.46613191059794,0.8854277428922444,4.0
117,117,8778.25,5200.25,288.0,94400.0,671.6157530308429,1276814.773097527,1347.4721978312082,1212974.0344426506,1022.9705306161536,322182.28289912845,803.9664849912838,99600.0,48.25452032519864,1.0700415407635897,4.0
87,87,8671.5,5093.500000000001,288.0,94400.0,659.3150369345608,1187788.2079844316,1324.570299350303,1128398.79758521,1009.5162104163637,306924.27074032405,804.4239390441049,99600.0,45.295079417800856,0.9829536920603704,4.0
8,8,8458.0,4880.0,288.0,94400.0,642.389969195033,1066366.4931291004,1247.5396381573205,1013048.1684726451,954.1823111929912,285414.2691519805,777.8094299467383,99600.0,41.54703138924829,0.8066748624455651,3.0
190,190,9098.5,5520.5,288.0,94400.0,700.9669200836233,1521227.36959841,1362.9708221596647,1445166.0011184898,1026.752449747087,369520.68444311526,778.7030017116455,99600.0,57.11749156918717,1.2485986094734314,5.0
358,358,9632.25,6054.25,288.0,94400.0,748.6678998747162,2016675.2493085682,1517.6210871885185,1915841.4868431396,1153.210518727481,493776.20287026104,822.9438512886996,99600.0,71.4382915578215,1.8769780001567524,5.0
206,206,9098.5,5520.5,288.0,94400.0,708.0520162391894,1575098.2028038185,1357.1817073907914,1496343.292663627,1012.4034046602964,364022.3261646024,770.5628072617458,99600.0,56.91799152892403,1.2197639545535652,3.0
50,50,8564.75,4986.75,288.0,94400.0,649.3153699218576,1116608.1701728615,1246.916546801941,1060777.7616642185,947.1254379372259,289811.3966687002,770.5472395350514,99600.0,42.65053325892403,0.8184117354107376,3.0
196,196,9098.5,5520.5,288.0,94400.0,701.4423648093855,1524907.8642638046,1369.79684028506,1448662.4710506145,1033.7817616593006,373154.04561714904,782.2705913246845,99600.0,57.105372689551544,1.261976366984513,5.0
310,310,9525.5,5947.500000000001,288.0,94400.0,738.1304695711883,1898055.084756347,1461.6330977116327,1803152.330518529,1101.255348640514,450911.1339126579,798.3066020295149,99600.0,68.61436975039493,1.67671738658697,5.0
85,85,8671.5,5093.500000000001,288.0,94400.0,659.0733650966555,1186415.8372893764,1310.147664116438,1127095.0454249077,997.0530850580632,305656.3566266352,795.8432357231226,99600.0,45.303728974949884,0.9595534305269428,2.0
360,360,9739.0,6161.0,288.0,94400.0,752.8701734425889,2052284.1015631862,1493.4713708449594,1949669.896485027,1123.854435196325,475300.05879203405,812.3478841451092,99600.0,73.31273975397862,1.84771560704059,0.0
338,338,9632.25,6054.25,288.0,94400.0,747.5918612966364,2006548.869825416,1474.748235149655,1906221.426334145,1106.804677398394,465716.7073122253,795.8045774476508,99600.0,71.45656819793041,1.7611115178696102,3.0
84,84,8671.5,5093.500000000001,288.0,94400.0,646.7494427580434,1112440.1885311923,1227.6200009720524,1056818.1791046327,935.4027096582977,294769.885555076,759.1258235067506,99600.0,45.722778461705786,0.8494732700567373,1.0
55,55,8564.75,4986.75,288.0,94400.0,648.1822319688632,1110480.78468663,1293.0186130574014,1054956.7454522985,988.5007488788644,293210.1538306745,798.1799851049437,99600.0,42.69214077486479,0.8914938564457223,2.0
70,70,8671.5,5093.500000000001,288.0,94400.0,655.4553100384182,1165198.0281255208,1268.8557381368726,1106938.1267192448,965.4485728580174,303335.93103977264,773.2238023395238,99600.0,45.43132064105389,0.8991980034801027,5.0
97,97,8778.25,5200.25,288.0,94400.0,668.346787104984,1255970.8554972035,1297.1812156854346,1193172.312722343,982.0741118460124,317236.303740728,775.8866447393505,99600.0,48.364391414708564,0.9881330439884064,2.0
312,312,9525.5,5947.500000000001,288.0,94400.0,732.3219873552173,1844627.3889836268,1424.2928191569056,1752396.0195344454,1071.3483910543032,434956.98885827063,781.2285628226816,99600.0,68.70242740943617,1.5936026818264184,1.0
150,150,8991.75,5413.75,288.0,94400.0,690.0121980395649,1426901.3961067281,1332.1548155100807,1355556.3263013915,1003.0204553740608,348386.5389398359,772.0128097087961,99600.0,54.23526884137959,1.1419604518888775,0.0
90,90,8778.25,5200.25,288.0,94400.0,667.4013844716803,1249992.3403867641,1286.4544529481304,1187492.7233674256,973.7361772816387,316372.5913557415,770.2354208532425,99600.0,48.39590497091382,0.9713423910479002,0.0
80,80,8671.5,5093.500000000001,288.0,94400.0,660.0823639953455,1192152.6213505848,1261.0436911678673,1132544.9902830557,952.5548932084888,300615.3531271378,765.6290135283214,99600.0,45.2675720956404,0.8770290269212622,3.0
354,354,9632.25,6054.25,288.0,94400.0,734.9196959318892,1886007.1557984054,1416.2760312658875,1791706.798008485,1062.1254156227558,437681.0836026324,775.6871773841474,99600.0,71.6025381499123,1.633481869990454,1.0
140,140,8885.0,5307.0,288.0,94400.0,684.128711505238,1372568.8877003815,1305.6121772455353,1303940.4433153623,978.8082513592873,330065.9144370459,765.0311157578378,99600.0,51.1627275570086,1.0367415879825617,3.0
204,204,9098.5,5520.5,288.0,94400.0,691.1425599434457,1444413.074546991,1307.4471257072955,1372192.4208196409,982.3053793903197,351991.94788922643,754.5364581112309,99600.0,57.34282933335087,1.1537030128379109,1.0
60,60,8671.5,5093.500000000001,288.0,94400.0,655.271356908964,1164099.3802187548,1266.3115619199843,1105894.411207817,962.8509472092708,302294.56838715373,772.1435226537134,99600.0,45.4377242837337,0.8954188590553576,0.0
349,349,9632.25,6054.25,288.0,94400.0,749.4833751361797,2024375.72624104,1519.4471429775174,1923156.9399289882,1145.6420597185195,475322.159393865,823.5515299165775,99600.0,71.4243933184956,1.8798815113364449,2.0
268,268,9312.0,5734.0,288.0,94400.0,722.4198909286722,1723830.035147496,1440.2702334891865,1637638.5333901208,1091.9470579615693,424319.349770719,803.3812862649553,99600.0,62.83466389525779,1.5147655555281168,5.0
136,136,8885.0,5307.0,288.0,94400.0,679.6225700095615,1342237.1858618562,1317.945875770244,1275125.3265687632,996.9471506358368,336139.4459661618,774.5384229424308,99600.0,51.30778583286213,1.0697012853397465,5.0
13,13,8458.0,4880.0,288.0,94400.0,642.5924067932215,1067439.8287880872,1268.911174171007,1014067.8373486828,972.4165323088582,286614.6414329429,790.214575398409,99600.0,41.53954555448996,0.8381142236563376,2.0
163,163,8991.75,5413.75,288.0,94400.0,692.0775359943997,1442197.754450742,1356.3722439971687,1370087.8667282048,1022.3293390906821,351391.92601142474,785.4329745019091,99600.0,54.17844001212093,1.1857284148669465,2.0
6,6,8458.0,4880.0,288.0,94400.0,638.8955131014853,1047209.0780048392,1240.6900994947266,994848.6241045971,951.618651212011,284329.02812597016,777.2104615542645,99600.0,41.67573912415198,0.8032966547850171,1.0
139,139,8885.0,5307.0,288.0,94400.0,682.0396489080489,1358441.984648885,1343.9956277671206,1290519.8854164407,1015.3657124117827,335563.00399773463,789.4699180329201,99600.0,51.23028803253712,1.113339035846668,2.0
128,128,8885.0,5307.0,288.0,94400.0,680.6052732767367,1348807.3973611395,1307.0782916037726,1281367.0274930825,984.0742836004332,331196.6549686332,768.2662278596422,99600.0,51.27636446530574,1.0472134196139515,3.0
40,40,8564.75,4986.75,288.0,94400.0,644.5232661094083,1090850.6464244854,1251.843280815374,1036308.1141032609,956.8995401624976,291078.1391355525,776.4092107510173,99600.0,42.82543764226392,0.8353875420099114,5.0
129,129,8885.0,5307.0,288.0,94400.0,680.0516428856109,1345102.8575107679,1324.211242837764,1277847.7146352294,1000.0576081869098,333578.8676613717,778.9555482015573,99600.0,51.29408104996645,1.0805074551155234,4.0
74,74,8671.5,5093.500000000001,288.0,94400.0,658.3752145757776,1182457.235535124,1262.3695436286093,1123334.3737583677,955.6315302286004,301161.42583617754,767.5369800375055,99600.0,45.328678612993706,0.8826706252040146,3.0
228,228,9205.25,5627.25,288.0,94400.0,703.2638232147539,1550680.847438753,1342.4637576284747,1473146.8050668146,1007.7867049481703,372880.3846295957,762.4009259658659,99600.0,60.16380380710375,1.2654422480237075,1.0
300,300,9525.5,5947.500000000001,288.0,94400.0,737.4713805221272,1892107.319038496,1452.5311806584386,1797501.9530865708,1091.8662441037484,445281.3013204183,793.1085246605884,99600.0,68.626551918057,1.6545301876661331,0.0
120,120,8885.0,5307.0,288.0,94400.0,678.9814465799689,1337770.2539781835,1308.7955592438036,1270881.7412792745,987.5523647445397,331844.6752905518,770.4821473137531,99600.0,51.32695199345665,1.0539609227663984,0.0
52,52,8564.75,4986.75,288.0,94400.0,644.8624048221312,1092660.1360923443,1256.3736231984476,1038027.1292877272,961.5053966227811,292818.4558538022,777.7015828182845,99600.0,42.81315044891379,0.8416602825968231,5.0
388,388,9739.0,6161.0,288.0,94400.0,756.4660973914005,2086359.0995384585,1542.0855508325546,1982041.1445615352,1173.096645336071,511068.6013157737,831.7542708942315,99600.0,73.25678974277334,1.977086761873772,5.0
342,342,9632.25,6054.25,288.0,94400.0,740.4437476545461,1938764.9897091696,1447.8460437467184,1841826.7402237116,1089.686683239264,455623.70632899186,791.5946818448582,99600.0,71.55560538905117,1.705777971564238,1.0
314,314,9525.5,5947.500000000001,288.0,94400.0,741.4822459194481,1928529.9698699357,1452.7464332463019,1832103.4713764384,1087.7903427361077,444188.9717414771,790.3339152533514,99600.0,68.55195132681412,1.6447571287516982,3.0
160,160,8991.75,5413.75,288.0,94400.0,690.4021118922137,1429783.2554126915,1337.7291322226465,1358294.092642057,1008.7531831119476,351171.0988862747,774.7877475981095,99600.0,54.22461844853546,1.1521983101766822,5.0
319,319,9525.5,5947.500000000001,288.0,94400.0,741.2513406014899,1926418.2915044082,1495.8313778821794,1830097.3769291881,1127.219372831436,453402.5418877404,818.2784094195912,99600.0,68.55627645008181,1.7590051459758789,2.0
255,255,9312.0,5734.0,288.0,94400.0,722.5212090761977,1724687.163958714,1441.905189957195,1638452.8057607785,1086.344378308049,410634.5620972814,805.363581006778,99600.0,62.83242844618686,1.5184270570136165,4.0
78,78,8671.5,5093.500000000001,288.0,94400.0,648.8084922008625,1125104.3459795492,1236.6705146084469,1068849.1286805714,941.6401973010953,296440.764924911,761.8753376991909,99600.0,45.656276648519885,0.8601224370042003,1.0
28,28,8458.0,4880.0,288.0,94400.0,641.3206925864911,1060709.8359641554,1255.0584162930002,1007674.3441659476,963.2816748974899,287819.12731631624,781.655510650329,99600.0,41.58648298155006,0.8199411675690446,5.0
262,262,9312.0,5734.0,288.0,94400.0,721.749010709142,1718163.2992748218,1430.8059987790134,1632255.134311081,1082.1960939802325,418964.57965469104,798.0463810463257,99600.0,62.84944312012575,1.4938173419274563,5.0
345,345,9632.25,6054.25,288.0,94400.0,748.412526290097,2014268.4233432547,1514.1845147999102,1913555.0021760918,1142.0349884996167,474465.97687351506,820.9439262012272,99600.0,71.44263552814633,1.868078126984131,4.0
374,374,9739.0,6161.0,288.0,94400.0,757.0800836856149,2092219.2670977532,1493.4719448399487,1987608.3037428653,1117.0253376961932,474155.93574717076,807.4021696050603,99600.0,73.24716754291745,1.836402692003056,3.0
20,20,8458.0,4880.0,288.0,94400.0,645.5117762076808,1083003.8759849365,1244.1013565427609,1028853.6821856896,947.6040487566204,284643.37418697355,773.7470402766768,99600.0,41.430996206938744,0.7955095320222179,3.0
289,289,9418.75,5840.75,288.0,94400.0,732.6080922419812,1829332.702035961,1471.6388409294816,1737866.0669341628,1108.5726663070752,432071.0896863151,813.0068057146999,99600.0,65.68525794183,1.641627074947782,2.0
320,320,9525.5,5947.500000000001,288.0,94400.0,743.6409139428447,1948220.535514132,1454.4962274720615,1850809.508738425,1087.1576272544826,443928.007086664,789.9509548118996,99600.0,68.5087433880745,1.6437008586646726,3.0
356,356,9632.25,6054.25,288.0,94400.0,754.1940082925189,2068567.7048584209,1479.7033921730688,1965139.3196155,1104.5557917161427,464808.6674408719,794.3739689970578,99600.0,71.32712022948311,1.7568118256024587,3.0
76,76,8671.5,5093.500000000001,288.0,94400.0,655.6375134346345,1166287.0274543513,1271.3803027121546,1107972.6760816337,968.0262807170548,304369.33136380184,774.2925761468567,99600.0,45.42497323663302,0.9029512815083368,5.0
177,177,8991.75,5413.75,288.0,94400.0,694.606328288291,1460129.8756696084,1398.4768016595,1387123.3818861279,1057.200704600221,356674.2862355808,809.8837637262784,99600.0,54.100427061119575,1.264829072668188,4.0
369,369,9739.0,6161.0,288.0,94400.0,754.6106102862793,2068724.075499297,1516.7649626120872,1965287.871724332,1143.141452747706,485849.5201922521,816.301695076515,99600.0,73.28574586459949,1.9093848709408967,4.0
270,270,9418.75,5840.75,288.0,94400.0,728.9486885432623,1797281.038392363,1429.4730737646255,1707416.986472745,1074.2597428149181,424643.17203217495,788.7265290516501,99600.0,65.75945000504605,1.5450655465653569,0.0
297,297,9418.75,5840.75,288.0,94400.0,734.300546369182,1844289.229700052,1505.5204152095998,1752074.768215049,1137.6156922147732,438359.6199409713,833.7419501734934,99600.0,65.65025399509032,1.7234042444794648,4.0
72,72,8671.5,5093.500000000001,288.0,94400.0,650.8480104150734,1137775.2681206332,1245.7048529175784,1080886.5047146014,947.8666478283199,298099.8748403972,764.580940595177,99600.0,45.58973931269191,0.8707791668234414,1.0
351,351,9632.25,6054.25,288.0,94400.0,749.8573101596991,2027914.33989574,1534.474313465503,1926518.6229009528,1159.0664376211944,478623.0270692986,833.2053453566707,99600.0,71.41800663623084,1.9209461534939427,4.0
313,313,9525.5,5947.500000000001,288.0,94400.0,739.9762477755258,1914789.9974561827,1481.0791612055486,1819050.4975833732,1115.1624902824842,450645.5358814674,809.6667068694002,99600.0,68.58009343185942,1.7232095128878604,2.0
277,277,9418.75,5840.75,288.0,94400.0,730.1506075991106,1807758.3137954138,1443.1723385476275,1717370.3981056428,1085.3853991512592,427044.8804151077,796.5514720939045,99600.0,65.73519757660182,1.5762597734062778,2.0
372,372,9739.0,6161.0,288.0,94400.0,747.7388691704932,2002803.8808411774,1467.9783476472821,1902663.6867991188,1103.4898009687327,464306.85987233464,799.7282645301607,99600.0,73.3704449409157,1.7888610702987358,1.0
103,103,8778.25,5200.25,288.0,94400.0,669.2992710131898,1262016.6298080296,1308.0752060753225,1198915.798317628,990.5351622819518,318090.94390903664,781.6398726806092,99600.0,48.33252332622354,1.0052496261732686,2.0
229,229,9205.25,5627.25,288.0,94400.0,713.9035630373476,1637552.4965444126,1420.9481793234586,1555674.8717171918,1070.1631096439294,390947.45837627776,802.16767012594,99600.0,59.931384366258705,1.4165414249720554,2.0
134,134,8885.0,5307.0,288.0,94400.0,682.3392782323125,1360461.21471388,1306.1043574058854,1292438.153978186,981.2378796647071,330608.2307802648,766.5070238312136,99600.0,51.22063127033699,1.0415892203927506,3.0
330,330,9632.25,6054.25,288.0,94400.0,745.5648971331735,1987580.0215178572,1474.770134979716,1888201.0204419643,1108.9923771738006,466315.17181718885,797.3268375959602,99600.0,71.49080420640453,1.7665357652543214,0.0
171,171,8991.75,5413.75,288.0,94400.0,693.4201192505757,1451697.140343229,1381.3967632888498,1379112.2833260677,1043.2489208652946,354609.02595138544,800.0502145806659,99600.0,54.13711332705515,1.2329931804887926,4.0
340,340,9632.25,6054.25,288.0,94400.0,746.28879658543,1994338.5182318708,1484.6865182786878,1894621.5923202771,1119.2245224336398,472660.2106167792,803.1298857007373,99600.0,71.4786061041781,1.7919339153911908,5.0
12,12,8458.0,4880.0,288.0,94400.0,636.8823413486856,1035963.8511072942,1231.8629717077424,984165.6585519294,945.5769270131868,282851.633430523,774.4117892929829,99600.0,41.749176995655134,0.7940815655977689,1.0
156,156,8991.75,5413.75,288.0,94400.0,687.6660606975049,1409665.9723332431,1319.9365559405487,1339182.673716581,993.6162849739952,345075.0465650989,766.6859855753872,99600.0,54.29896523129109,1.1228594555879834,1.0
328,328,9525.5,5947.500000000001,288.0,94400.0,740.3288744860231,1918000.2668562368,1492.2952727864244,1822100.253513425,1132.8869256901332,469902.1676244915,816.2784811610278,99600.0,68.57351818294627,1.7520238930853471,5.0
336,336,9632.25,6054.25,288.0,94400.0,742.9273949447446,1962435.7929770416,1460.2058792736914,1864314.003328189,1099.4722198422007,460718.50061776896,791.8898070829376,99600.0,71.52597706414934,1.7333115003717423,1.0
282,282,9418.75,5840.75,288.0,94400.0,723.9117998330423,1752494.001267142,1402.0074639635864,1664869.301203785,1052.4696164714228,415121.0165282674,775.9333485425025,99600.0,65.84476204255125,1.489093080396246,1.0
367,367,9739.0,6161.0,288.0,94400.0,754.4775522386512,2067463.7574101773,1511.7140677818086,1964090.5695396685,1138.6250419358546,484686.59102376713,813.0654720323516,99600.0,73.28781526490462,1.8953098597365263,2.0
178,178,8991.75,5413.75,288.0,94400.0,691.7877643157323,1440065.0869643108,1357.5833083573493,1368061.8326160952,1029.166165483524,360954.5179782909,784.8276989478944,99600.0,54.18662022115658,1.1888134731628421,5.0
295,295,9418.75,5840.75,288.0,94400.0,733.8583341332871,1840387.499120383,1486.3424323701404,1748368.1241643638,1120.5658494346774,434648.8109347549,821.5641207932529,99600.0,65.65966868651871,1.6756771157128263,2.0
231,231,9205.25,5627.25,288.0,94400.0,714.1948371804872,1639931.7188530082,1434.4394311601636,1557935.1329103576,1082.0829891274143,393245.74579981435,810.5534852593896,99600.0,59.92440770084998,1.4465004974919755,4.0
292,292,9418.75,5840.75,288.0,94400.0,730.8721020069113,1814071.1115194547,1456.3934202013684,1723367.5559434819,1102.0215753479795,440737.5029913437,803.8984990584889,99600.0,65.7205849345555,1.6076080084841953,5.0
315,315,9525.5,5947.500000000001,288.0,94400.0,740.2104284017288,1916921.477167129,1490.7538418657032,1821075.4033087732,1123.7722887469113,452646.1213994939,815.7960927386521,99600.0,68.57572775162943,1.748240145649666,4.0
30,30,8564.75,4986.75,288.0,94400.0,644.5063822074335,1090760.6147673505,1251.618110473138,1036222.5840289828,956.6706267500507,290991.6379576143,776.3439470386563,99600.0,42.82604899495551,0.8350760161263552,0.0
210,210,9205.25,5627.25,288.0,94400.0,710.5016066231851,1609975.7118868309,1381.2953118402775,1529476.9262924897,1038.160607537573,384927.7938196879,779.7180080230913,99600.0,60.01224860450564,1.3353310356073491,0.0
175,175,8991.75,5413.75,288.0,94400.0,694.2870885705651,1457856.730743754,1381.879275162854,1384963.8942065665,1042.6811152697571,354421.5425808385,799.7203982544618,99600.0,54.11031628401492,1.2319297412064054,2.0
116,116,8778.25,5200.25,288.0,94400.0,674.2740872510881,1293169.685509226,1282.7113858668924,1228511.2012337646,962.6539435280887,314413.0359486199,763.4986079683132,99600.0,48.1620798915081,0.9502337405897456,3.0
133,133,8885.0,5307.0,288.0,94400.0,681.0025607592547,1351470.6433925168,1332.0331822771386,1283897.111222891,1005.9165664196487,334325.6155660377,782.9862992481427,99600.0,51.263627762316176,1.0931002425562686,2.0
225,225,9205.25,5627.25,288.0,94400.0,712.9500627483475,1629784.0362676415,1416.3499276863465,1548294.8344542594,1067.1148163810944,390422.7914351988,799.9890469196694,99600.0,59.95416405687286,1.408415514664621,4.0
49,49,8564.75,4986.75,288.0,94400.0,647.1990557871583,1105182.7851704357,1281.694984696356,1049923.6459119138,979.6245270102634,292395.30779508234,791.9990781992401,99600.0,42.7281164124054,0.8759643339336631,2.0
201,201,9098.5,5520.5,288.0,94400.0,704.058485425572,1545143.028035209,1407.7898155710495,1467885.8766334485,1062.268995481226,373397.04148078477,804.9079235787723,99600.0,57.03679251415657,1.3370033183515844,4.0
108,108,8778.25,5200.25,288.0,94400.0,660.8438126979346,1207225.5259636098,1255.2953810976385,1146864.2496654291,951.0372085498076,309625.3125115309,758.8355545682318,99600.0,48.600965692735656,0.9305185632733918,1.0
172,172,8991.75,5413.75,288.0,94400.0,691.2766053720198,1436264.8170948653,1350.2261457055306,1364451.576240122,1021.6013304975398,357329.47834683524,781.0925528988272,99600.0,54.20066475377465,1.1752139762131215,5.0
279,279,9418.75,5840.75,288.0,94400.0,730.2628461412503,1808739.200975551,1447.8734667341082,1718302.2409267738,1089.5583256602238,427971.94650434545,799.4938228514534,99600.0,65.73292705347122,1.5877544767916854,4.0
306,306,9525.5,5947.500000000001,288.0,94400.0,734.8884298336347,1868348.3980733196,1438.3702880902163,1774930.978169653,1080.5538891936285,440118.0381642305,786.3165239377932,99600.0,68.66699548349136,1.6239669852507326,1.0
135,135,8885.0,5307.0,288.0,94400.0,681.1547568594598,1352491.9765645557,1339.9380507219016,1284867.3777363277,1012.8062197883896,335293.30318121397,787.6588832527126,99600.0,51.25874334040682,1.1076621475614985,4.0
106,106,8778.25,5200.25,288.0,94400.0,667.9148435769148,1253236.5869899676,1293.6240335414773,1190574.7576404691,981.0748409072933,319541.66529106844,772.9561791658214,99600.0,48.37880411128812,0.9828115408485046,5.0
294,294,9418.75,5840.75,288.0,94400.0,718.9282179138503,1707925.1618196552,1375.0170480443849,1622528.9037286725,1033.0000936895487,405684.8555956833,765.1756714235909,99600.0,65.91033716588716,1.4342072082035568,1.0
54,54,8564.75,4986.75,288.0,94400.0,636.2586852674734,1043969.7810398423,1215.7518740233486,991771.29198785,932.0013492595984,284775.7799305313,764.9904260861739,99600.0,43.11816548108725,0.7963178628190327,1.0
366,366,9739.0,6161.0,288.0,94400.0,750.4729024946972,2029177.257439455,1482.9139598802954,1927718.3945674824,1115.4823254405949,470304.2157134539,807.299956335553,99600.0,73.34153842107841,1.8240283074436097,1.0
100,100,8778.25,5200.25,288.0,94400.0,667.5854058688743,1251154.3112985808,1289.0196435186815,1188596.5957336517,976.3617679495268,317506.59722944576,771.2118570559094,99600.0,48.38978006615704,0.9754425744581828,5.0
298,298,9418.75,5840.75,288.0,94400.0,731.5808526016564,1820289.577319266,1466.368136880795,1729275.0984533024,1112.3061818597198,446661.86279030726,809.702476233135,99600.0,65.70619064872821,1.6309349583055992,5.0
141,141,8885.0,5307.0,288.0,94400.0,682.2634011400469,1359949.6433415164,1355.8938781034612,1291952.1611744405,1025.731967017966,336991.26162649965,796.5384983192273,99600.0,51.22307780834024,1.135364348317627,4.0
186,186,9098.5,5520.5,288.0,94400.0,698.1055213415759,1499234.668583805,1343.8664002277508,1424272.9351546147,1010.2824213416046,362441.23529388476,769.862416654952,99600.0,57.18990762210644,1.2147856260088383,1.0
382,382,9739.0,6161.0,288.0,94400.0,755.5598986065338,2077732.3646289338,1529.670817882605,1973845.7463974871,1160.2887861824895,502994.44226089533,824.0480525022897,99600.0,73.27095455402889,1.943808450925516,5.0
75,75,8671.5,5093.500000000001,288.0,94400.0,657.2286396002213,1175830.8948569212,1294.871195300982,1117039.350114075,985.7526600834717,304653.85386811936,787.9138995765887,99600.0,45.369345299554084,0.9382157758619204,4.0
42,42,8564.75,4986.75,288.0,94400.0,640.3287519822044,1067218.2841172842,1233.4740611194236,1013857.36991142,944.1450350382056,287899.2287602593,770.5921257192279,99600.0,42.976087979092505,0.8155151600445819,1.0
68,68,8671.5,5093.500000000001,288.0,94400.0,656.7611232502818,1173020.312519282,1264.0257565421566,1114369.2968933177,958.9877303789224,301713.4899609875,769.6561312611136,99600.0,45.385727222189686,0.8886578393117154,3.0
10,10,8458.0,4880.0,288.0,94400.0,640.8959734710786,1058468.9228345314,1249.5403586352631,1005545.4766928048,957.686572833042,285806.1411564803,779.9880332310051,99600.0,41.602111927868656,0.8125578994932662,5.0
217,217,9205.25,5627.25,288.0,94400.0,711.6181666877118,1618983.9020189557,1394.1644445931815,1538034.7069180082,1048.5223829636548,386864.4181983414,786.9425119445268,99600.0,59.985833616606826,1.3615482726027357,2.0
0,0,8458.0,4880.0,288.0,94400.0,640.8941788730311,1058459.4612731915,1249.5170894170662,1005536.488209532,957.6629802840041,285797.65451506356,779.9808826488522,99600.0,41.60217791625185,0.8125267932118441,0.0
198,198,9098.5,5520.5,288.0,94400.0,693.472505791738,1462672.98103652,1319.5868182447698,1389539.331984694,991.6297637545327,355493.53063149226,759.6121545926103,99600.0,57.2932267058936,1.1740134652236027,1.0
44,44,8564.75,4986.75,288.0,94400.0,647.6440280724194,1107578.4632000194,1248.1029024443949,1052199.5400400187,950.0480619374088,290196.57212496194,772.2976116106391,99600.0,42.71184875435959,0.8235128991210378,3.0
166,166,8991.75,5413.75,288.0,94400.0,690.802008322951,1432744.0817927956,1343.4298461848387,1361106.8777031556,1014.6138147901466,353980.4572515461,777.6576498602252,99600.0,54.213676219667406,1.1626840563599643,5.0
202,202,9098.5,5520.5,288.0,94400.0,701.986944330517,1529132.7742706481,1377.5235264738058,1452676.135557116,1041.7310111289205,377137.36565169017,786.3922545096532,99600.0,57.0914611965325,1.2771394569413743,5.0
205,205,9098.5,5520.5,288.0,94400.0,704.9443726631529,1551750.3965608338,1408.240417638584,1474162.8767327918,1061.6499282754821,373187.85830455634,804.5342015533224,99600.0,57.01058796363392,1.335810219981689,2.0
7,7,8458.0,4880.0,288.0,94400.0,641.7283751918476,1062864.0276713783,1259.0768507993432,1009720.8262878094,964.9289181801024,286209.1876372793,785.0163409066607,99600.0,41.571458862093095,0.825131033341202,2.0
254,254,9312.0,5734.0,288.0,94400.0,723.756398820361,1735164.5728442315,1405.2734020060736,1648406.3442020197,1051.741633913208,403407.7783361154,781.2274077968381,99600.0,62.80510266544964,1.4283381476184418,3.0
307,307,9525.5,5947.500000000001,288.0,94400.0,738.7163598869095,1903354.6114917726,1466.6488784506769,1808186.880917184,1103.380867121851,447938.85491821775,801.2792214952608,99600.0,68.60351530079433,1.6883965565143673,2.0
322,322,9525.5,5947.500000000001,288.0,94400.0,739.5514112688365,1910927.9486076164,1481.4102845887135,1815381.551177236,1121.6582002181474,463169.7826478393,809.7356768974527,99600.0,68.58800365038924,1.7251928404729338,5.0
280,280,9418.75,5840.75,288.0,94400.0,729.5664535753527,1802660.083982352,1438.0751112258258,1712527.0797832343,1083.1302081908414,429779.38370047905,793.5065668002463,99600.0,65.74699877958417,1.564981009376374,5.0
174,174,8991.75,5413.75,288.0,94400.0,680.922961925337,1359235.1811499307,1285.7754602624627,1291273.422092434,967.8942401800548,336018.9474391735,753.7992249146257,99600.0,54.4645410824937,1.0697684332900956,1.0
147,147,8885.0,5307.0,288.0,94400.0,683.3865876487406,1367537.4729244758,1372.2107782038354,1299160.599278252,1038.968872081845,338729.9118993761,805.6567449315856,99600.0,51.18678978590634,1.1638518619609963,4.0
144,144,8885.0,5307.0,288.0,94400.0,670.1009234572821,1275219.8716686089,1264.4451968033538,1211458.8780851783,954.4146819014933,320924.636513192,753.7214734217897,99600.0,51.573382876540535,0.990104144063644,1.0
189,189,9098.5,5520.5,288.0,94400.0,701.6683679205205,1526660.0244601578,1373.0940625816972,1450327.02323715,1033.6933221835257,368409.0189216532,784.8661332693604,99600.0,57.09960329699636,1.2684571398744415,4.0
265,265,9312.0,5734.0,288.0,94400.0,724.7111122721719,1743296.3852726386,1460.9360228080523,1656131.566009007,1101.1209394547684,413563.62606418045,815.859060573797,99600.0,62.78386219380618,1.5586703110169915,2.0
267,267,9312.0,5734.0,288.0,94400.0,725.1385260284131,1746794.072026651,1479.6414716627778,1659454.3684253185,1117.7022881087917,416943.16834907135,827.6222422830873,99600.0,62.77228096873272,1.6027410637059438,4.0
188,188,9098.5,5520.5,288.0,94400.0,702.2042927103321,1530821.7445896557,1354.8663597782875,1454280.6573601728,1016.6039079508143,365259.012990895,773.0690025718309,99600.0,57.08589987125831,1.2286351218237517,3.0
260,260,9312.0,5734.0,288.0,94400.0,725.8048255191892,1752257.0577912743,1406.433809192915,1664644.2049017106,1050.6790682572373,403023.39285324217,780.5856927377383,99600.0,62.7541924227414,1.42596231479488,3.0
384,384,9739.0,6161.0,288.0,94400.0,742.3003392750619,1950159.7958388496,1438.3580462909292,1852651.8060469076,1079.731159821875,452323.4051993583,784.805548796207,99600.0,73.41066147749464,1.7192741546583925,1.0
238,238,9205.25,5627.25,288.0,94400.0,712.7626124172659,1628260.4256190408,1413.3941204902178,1546847.404338089,1071.2241285619157,402543.17518633365,797.1249458335756,99600.0,59.95863178637845,1.4021754045864765,5.0
385,385,9739.0,6161.0,288.0,94400.0,758.5927104714075,2106708.992890317,1558.585124344852,2001373.543245801,1177.2255796677205,494471.6236240633,840.9106416869378,99600.0,73.22337589600251,2.019000036912892,2.0
15,15,8458.0,4880.0,288.0,94400.0,642.6594323295733,1067795.3709174965,1275.1161266200913,1014405.6023716215,977.6976320720323,286948.0489796941,793.8068845705496,99600.0,41.53706587387178,0.8472715334174944,4.0
343,343,9632.25,6054.25,288.0,94400.0,748.1617540632755,2011907.1193866911,1504.2295548097852,1911311.7634173562,1133.1469956143142,472267.04451712774,814.5792207134274,99600.0,71.44689733787543,1.8410479012795915,2.0
278,278,9418.75,5840.75,288.0,94400.0,730.8550040757957,1813921.3073574398,1428.9867364539416,1723225.2419895672,1071.6704357223691,424014.555834184,786.9665913495845,99600.0,65.72093169595867,1.539079745965897,3.0
192,192,9098.5,5520.5,288.0,94400.0,695.7772899059364,1480946.802770451,1331.6996531547736,1406899.462631928,1000.9337091254505,358976.49285647756,764.7038358184633,99600.0,57.24358627798625,1.1943743161933025,1.0
387,387,9739.0,6161.0,288.0,94400.0,759.1157774953973,2111733.7320013703,1579.1690089928045,2006147.0454013015,1195.6640966705345,499132.6286509606,854.2907190613805,99600.0,73.21505949135094,2.0775050962160613,4.0
25,25,8458.0,4880.0,288.0,94400.0,644.3421954154799,1076749.2891389534,1289.0608375374754,1022911.8246820057,987.7412526883397,287399.75647618517,800.8686769519546,99600.0,41.47461797913892,0.864846546314489,2.0
115,115,8778.25,5200.25,288.0,94400.0,671.3178542630792,1274904.2060018787,1331.7081970363251,1211158.9957017847,1009.1959562152136,320344.9925642693,794.4508379133263,99600.0,48.26459118099484,1.0426516846200848,2.0
291,291,9418.75,5840.75,288.0,94400.0,732.9406241458502,1832267.784670292,1485.9252669272073,1740654.3954367768,1121.2671528165683,434854.267004008,822.0344721265967,99600.0,65.67846391582336,1.6769743514459217,4.0
318,318,9525.5,5947.500000000001,288.0,94400.0,729.7345123393088,1820922.5489258384,1410.241858240098,1729876.4214795462,1060.2030564463341,429792.53820607264,774.6640591578282,99600.0,68.73690852122132,1.5634659502566493,1.0
18,18,8458.0,4880.0,288.0,94400.0,634.8514836213757,1024722.5100767248,1223.0263099314516,973486.3845728885,939.5303588158293,281365.24990423553,771.5790021581955,99600.0,41.82258949018705,0.7848736216941742,1.0
130,130,8885.0,5307.0,288.0,94400.0,679.2921438982096,1339962.0850282495,1313.2654787320184,1272963.980776837,992.1443259717842,333949.15690818947,772.4588007453766,99600.0,51.3178577787778,1.0616539698321412,5.0
284,284,9418.75,5840.75,288.0,94400.0,732.8490740223276,1831459.3443119144,1429.3825654737564,1739886.3770963184,1069.9481347774672,423533.9120587385,785.8283736493901,99600.0,65.68033526511874,1.535066390411174,3.0
346,346,9632.25,6054.25,288.0,94400.0,747.0439103293246,2001407.3016175653,1495.0859064914614,1901336.936536687,1129.9556622862085,479324.807214155,809.2682048623643,99600.0,71.46584797970104,1.8186730521687215,5.0
193,193,9098.5,5520.5,288.0,94400.0,702.6698656579906,1534444.9195648313,1381.6210020349026,1457722.6735865897,1040.2243716314754,369526.8965927154,789.4531463980549,99600.0,57.07396972995534,1.28428188244655,2.0
218,218,9205.25,5627.25,288.0,94400.0,712.2581465367003,1624165.9595273838,1379.9704738535684,1542957.6615510143,1034.9431081469486,384225.4853182634,777.5635445030998,99600.0,59.97063811291872,1.3282236907598173,3.0
199,199,9098.5,5520.5,288.0,94400.0,703.7785025221023,1543059.2253984408,1394.7206457102545,1465906.264128519,1050.7646054040401,371353.0938468332,796.8515825760271,99600.0,57.0450567893007,1.3096582776050891,2.0
355,355,9632.25,6054.25,288.0,94400.0,750.8208885784321,2037054.832810153,1535.0030786375821,1935202.0911696455,1158.427255836492,478431.8600590702,832.7652398174687,99600.0,71.40150937778891,1.919821275647568,2.0
321,321,9525.5,5947.500000000001,288.0,94400.0,741.6009657778517,1929616.396239061,1510.4434693280787,1833135.5764271074,1140.2312716493989,456409.2407330421,827.5777991718907,99600.0,68.54972611674212,1.7970429821747194,4.0
110,110,8778.25,5200.25,288.0,94400.0,672.3733406656628,1281660.7742333831,1282.6358954109814,1217577.735521714,964.5974524295276,314851.55552762875,764.5930473415183,99600.0,48.22879501078766,0.9541633052535898,3.0
22,22,8458.0,4880.0,288.0,94400.0,641.1340427336451,1059724.6150118553,1252.630705601699,1006738.3842612624,960.8199779641476,286933.386325043,780.9288159653549,99600.0,41.593354272173464,0.8166911921911949,5.0
285,285,9418.75,5840.75,288.0,94400.0,731.5953626152478,1820417.0639312682,1466.7148823160364,1729396.2107347047,1105.2526511230335,431391.588413794,810.6228329813028,99600.0,65.70589554720456,1.6317730401754196,4.0
368,368,9739.0,6161.0,288.0,94400.0,754.9028584214223,2071494.2503671525,1493.4720611743269,1967919.5378487946,1119.160173821259,474590.2567894308,808.9360150546835,99600.0,73.28119732977608,1.842256477525212,3.0
379,379,9739.0,6161.0,288.0,94400.0,757.204369443808,2093407.0041517338,1542.616856054461,1988736.6539441468,1164.0624591012638,491151.8533442647,831.3816004354204,99600.0,73.24521731825337,1.9766012877774701,2.0
236,236,9205.25,5627.25,288.0,94400.0,718.2841763036423,1672190.3802413063,1383.3446551798986,1588580.861229241,1031.612302199849,383070.7868231377,775.5884163280471,99600.0,59.80952393235857,1.321149446436938,3.0
58,58,8564.75,4986.75,288.0,94400.0,645.0486222783895,1093654.5728398177,1258.8672322745003,1038971.8441978266,964.0407354910327,293776.3189040095,778.3960850544078,99600.0,42.80639780654854,0.8451169801712393,5.0
145,145,8885.0,5307.0,288.0,94400.0,683.0855336345595,1365500.4663912158,1356.1656345236158,1297225.443071655,1024.9754872145234,336799.6200434007,796.0939898719165,99600.0,51.19653156225606,1.134017135198437,2.0
240,240,9312.0,5734.0,288.0,94400.0,719.9757411916937,1703258.0689244457,1405.7803935701072,1618095.1654782232,1056.398595607895,404545.956997417,784.3386546932624,99600.0,62.88831695437642,1.4387369730007753,0.0
57,57,8564.75,4986.75,288.0,94400.0,648.4246127471214,1111789.528371621,1307.2149175319576,1056200.0519530398,1000.813449059989,294441.3926812473,806.793747788065,99600.0,42.683253856642,0.913060140521848,4.0
51,51,8564.75,4986.75,288.0,94400.0,647.3855723962326,1106186.540842926,1292.3126262176745,1050877.2138007795,988.8393598478293,293340.3566247125,798.3242251637657,99600.0,42.721300490632956,0.8920219698482377,4.0
259,259,9312.0,5734.0,288.0,94400.0,723.5044982693885,1733023.6409577169,1446.6644253212514,1646372.4589098312,1089.526366954998,411233.95968993596,807.6388088468782,99600.0,62.81068635851186,1.5273896533236018,2.0
290,290,9418.75,5840.75,288.0,94400.0,734.9524841686315,1849863.7399262981,1430.8729541219896,1757370.552929983,1069.129321605749,423215.08884176344,785.3357506779272,99600.0,65.63336324526166,1.5334050425977597,3.0
261,261,9312.0,5734.0,288.0,94400.0,723.8165650806899,1735676.2519531732,1460.5632182711195,1648892.439355514,1101.8421825077444,413771.95184619975,816.3346034541446,99600.0,62.803768172227926,1.5600068193067895,4.0
79,79,8671.5,5093.500000000001,288.0,94400.0,658.0695449959458,1180726.83327976,1298.7867840490505,1121690.491615772,988.1951569591141,304825.80523213674,789.6716832371878,99600.0,45.33958471383985,0.9429103634508664,2.0
309,309,9525.5,5947.500000000001,288.0,94400.0,738.8339917791258,1904420.02172454,1471.4530937851266,1809199.0206383131,1107.6536559027902,448937.1737390799,804.309271242398,99600.0,68.60133313581,1.7007515642885405,4.0
234,234,9205.25,5627.25,288.0,94400.0,700.8750777123012,1530954.975522971,1329.6176287019462,1454407.2267468222,999.1293910525087,368835.3930898144,757.8790873976849,99600.0,60.20604452325597,1.242308627081212,1.0
118,118,8778.25,5200.25,288.0,94400.0,668.5858964281898,1257486.4488924162,1302.949990106505,1194612.1264477954,990.6154695806488,323615.2436577346,777.2901970437296,99600.0,48.35640251834181,0.9977583970789098,5.0
339,339,9632.25,6054.25,288.0,94400.0,746.9818279090042,2000825.4070669012,1494.2865814113864,1900784.136713556,1125.3467984795263,470363.8044385975,808.9874889233058,99600.0,71.46689821461486,1.81662519206601,4.0
220,220,9205.25,5627.25,288.0,94400.0,711.0216850378349,1614166.4170779304,1388.6626826776487,1533458.0962240337,1045.7512610964893,389007.72424927866,783.6176359319791,99600.0,59.99996007314843,1.3506092962998868,5.0
357,357,9632.25,6054.25,288.0,94400.0,751.3184220073585,2041786.8455328385,1555.1939174620725,1939697.5032561962,1176.479117146471,482853.5627259793,845.8078260640567,99600.0,71.39296878401922,1.9753551299820973,4.0
138,138,8885.0,5307.0,288.0,94400.0,672.2188128536498,1290468.1453750015,1274.6735501948942,1225944.7381062515,961.8371422720392,323318.15622380044,757.2089232674849,99600.0,51.51934842581456,1.0047311085866757,1.0
36,36,8564.75,4986.75,288.0,94400.0,642.4069212900454,1078900.2967927977,1242.4548361230795,1024955.2819531576,950.3196794850313,289447.6482550672,773.4207794256148,99600.0,42.90177658162293,0.8251825926303278,1.0
224,224,9205.25,5627.25,288.0,94400.0,714.154808165925,1639604.578715043,1380.2824219410672,1557624.3497792904,1033.0711556544686,383763.1655071427,776.3450534669822,99600.0,59.92536698375351,1.3244424208063967,3.0
88,88,8671.5,5093.500000000001,288.0,94400.0,656.061099770805,1168821.8180695148,1277.2670787948364,1110380.7271660392,974.0373808805457,306779.2427266882,776.7725152504347,99600.0,45.410198809568946,0.9117158058068976,5.0
142,142,8885.0,5307.0,288.0,94400.0,680.0468646359412,1345070.9187682744,1323.8391885683975,1277817.3728298605,1002.9861117529554,338876.161070038,777.1723660585827,99600.0,51.294233793750614,1.0798192679252108,5.0
288,288,9418.75,5840.75,288.0,94400.0,721.3869476020843,1730148.2817839957,1388.3378075059688,1643640.8676947958,1043.467282832495,410357.75072704046,771.0812080407866,99600.0,65.8840392400185,1.4613727718768887,1.0
9,9,8458.0,4880.0,288.0,94400.0,641.7640733674402,1063052.804342153,1262.1737719103526,1009900.1641250456,967.5672451938043,286381.72619457607,786.8097671073358,99600.0,41.57014226466916,0.8296818376638236,4.0
102,102,8778.25,5200.25,288.0,94400.0,663.0162225741782,1221437.572295382,1265.6147029219487,1160365.6936806128,958.5365659539927,311888.36801827914,762.5885914420958,99600.0,48.53469073307395,0.9440507785455762,1.0
176,176,8991.75,5413.75,288.0,94400.0,697.304681499901,1479452.0172927834,1331.2646419629914,1405479.416428144,994.0331017048517,346228.80978587124,766.301288133226,99600.0,54.016366883893916,1.1236696896241791,3.0
16,16,8458.0,4880.0,288.0,94400.0,640.9457451984663,1058731.35553134,1250.1858682048762,1005794.7877547728,958.3410573650792,286041.57534480677,780.1859988087282,99600.0,41.600281626427495,0.8134209114896309,5.0
235,235,9205.25,5627.25,288.0,94400.0,715.0863582515398,1647025.4143207232,1434.847165119579,1564674.143604687,1081.4085101531716,393030.99977834313,810.1268438208771,99600.0,59.9006586008292,1.445210724642643,2.0
111,111,8778.25,5200.25,288.0,94400.0,670.5178556625713,1269784.4461748288,1331.3652824160456,1206295.2238660874,1009.8740848447836,320528.7149536924,794.8439019231763,99600.0,48.29157812274989,1.0437888629217082,4.0
237,237,9205.25,5627.25,288.0,94400.0,715.4872897338832,1650164.8134598332,1453.0062833505372,1567656.5727868413,1097.4569207742888,396088.6989586386,821.4676607300439,99600.0,59.889289298735065,1.4856855398276394,4.0
373,373,9739.0,6161.0,288.0,94400.0,755.8327670870289,2080327.1760806574,1526.996577503064,1976310.8172766247,1151.1986536278275,487890.6744918282,822.1026737897878,99600.0,73.26669396009122,1.935386101922915,2.0
232,232,9205.25,5627.25,288.0,94400.0,712.1279239397036,1623110.404692031,1404.4269790097967,1541954.8844574294,1061.9934381812106,397732.629539832,792.1517328279625,99600.0,59.97373334823162,1.3834391535234831,5.0
286,286,9418.75,5840.75,288.0,94400.0,730.1995763341707,1808186.214276092,1446.9344662482931,1717776.903562287,1092.266470055802,435075.7490591653,798.5113152713388,99600.0,65.73420708762545,1.5855600541278403,5.0
73,73,8671.5,5093.500000000001,288.0,94400.0,657.1098088778103,1175116.0162466618,1287.726181906826,1116360.2154343287,979.5682733048668,303989.4000725909,783.6844348304878,99600.0,45.37351208233439,0.9267095657360428,2.0
37,37,8564.75,4986.75,288.0,94400.0,645.3919970199063,1095489.868337573,1261.423427638081,1040715.3749206944,964.143894227703,291444.7560287198,781.4633968078773,99600.0,42.79393538079607,0.8483593693724779,2.0
26,26,8458.0,4880.0,288.0,94400.0,647.1639581400423,1091883.1229887444,1242.868075243933,1037288.9668393072,944.6402653768253,284265.60451420804,771.9479729722743,99600.0,41.369069096540066,0.7904779191977487,3.0
230,230,9205.25,5627.25,288.0,94400.0,716.1514373633203,1655375.1506847516,1381.0561995796436,1572606.393150514,1031.7205610107908,383312.8961034837,775.5315222723558,99600.0,59.87042011539853,1.3212968570010135,3.0
105,105,8778.25,5200.25,288.0,94400.0,669.4253776086683,1262818.7706703723,1315.4930764463193,1199677.8321368538,996.9604262760299,318859.8856778451,785.8993106901751,99600.0,48.328295133991354,1.0180596213039903,4.0
82,82,8671.5,5093.500000000001,288.0,94400.0,655.8180117675696,1167366.6229503322,1273.8857492243653,1108998.2918028156,970.5845713098768,305394.96587694035,775.350139001855,99600.0,45.418680643935744,0.9066793525645837,5.0
21,21,8458.0,4880.0,288.0,94400.0,643.5626656458277,1072594.8441285251,1288.2736699762995,1018965.1019220988,987.9920148940131,287505.1163482743,800.9141015791394,99600.0,41.503592595420656,0.8652286905676253,4.0
169,169,8991.75,5413.75,288.0,94400.0,693.1768904638901,1449972.6457864686,1369.0031038668405,1377474.0134971451,1032.4062824804753,352902.11528736935,792.4937590714387,99600.0,54.144615669233,1.2085534439278232,2.0
308,308,9525.5,5947.500000000001,288.0,94400.0,739.4416527673567,1909931.165870893,1452.3232375723035,1814434.6075773484,1089.5243783755718,444678.88405155344,791.5011751651957,99600.0,68.59004525306787,1.6489102167692882,3.0
223,223,9205.25,5627.25,288.0,94400.0,712.7545173888698,1628194.6552509589,1407.4139120693885,1546784.922488411,1059.22314717339,388889.8779013572,794.4585551968471,99600.0,59.9588246468145,1.3886814103571825,2.0
132,132,8885.0,5307.0,288.0,94400.0,674.4514184016733,1306165.5677858805,1285.8899944114935,1240857.2893965864,970.2549375326416,326118.0761330012,761.3521434998581,99600.0,51.45808427259893,1.0209039564373554,1.0
162,162,8991.75,5413.75,288.0,94400.0,685.3641968566408,1392833.8745561242,1308.4307454085315,1323192.180828318,984.9422178544414,342062.2675151757,762.2951750642405,99600.0,54.36014708643825,1.1050929285805953,1.0
253,253,9312.0,5734.0,288.0,94400.0,722.3119740966705,1722917.4650240238,1432.7018331346362,1636771.5917728222,1078.193605229052,408944.0669724679,799.6323132786156,99600.0,62.837043938966495,1.4969525628568554,2.0
164,164,8991.75,5413.75,288.0,94400.0,693.4340261435553,1451795.7877600063,1329.761622318488,1379205.998372006,996.9499251537601,347101.12651625555,768.0393435270851,99600.0,54.1366841655523,1.1295325868831394,3.0
200,200,9098.5,5520.5,288.0,94400.0,705.9935803721689,1559603.5729730998,1355.3919349949895,1481623.3943244445,1012.8887521914417,364322.0542060796,770.7482390041316,99600.0,56.97944259051596,1.2208828618393703,3.0
222,222,9205.25,5627.25,288.0,94400.0,705.6593781716588,1570426.299743355,1355.3566491007325,1491904.9847561873,1017.8677736700477,376910.6345575603,768.1075327375975,99600.0,60.117107208477705,1.2886576184385063,1.0
168,168,8991.75,5413.75,288.0,94400.0,683.1561103943886,1376031.9289917038,1297.1223930555045,1307230.3325421186,976.4351373046802,339051.5286405743,758.0452302096605,99600.0,54.41235215934899,1.087424914448894,1.0
386,386,9739.0,6161.0,288.0,94400.0,761.3824411580732,2132975.6097376263,1493.474058649489,2026326.8292507448,1112.864668585746,472732.77439378225,804.5850729810543,99600.0,73.16471179143025,1.8244683493604128,3.0
381,381,9739.0,6161.0,288.0,94400.0,757.5988535110216,2097180.2324362583,1557.9584993521578,1992321.2208144453,1177.7967657355075,494645.3582267596,841.3060589047733,99600.0,73.23902180314427,2.0199153902550764,4.0
296,296,9418.75,5840.75,288.0,94400.0,737.1717540761473,1868933.03005194,1433.2845446082763,1775486.3785493427,1069.0663958073585,422997.0500987883,785.3993133785938,99600.0,65.57558335145039,1.5335445821344234,3.0
266,266,9312.0,5734.0,288.0,94400.0,727.9822008971197,1770197.98333811,1408.792961613291,1681688.0841712046,1050.6006482662328,402793.063655725,780.6495017734927,99600.0,62.69478804739367,1.4259700022478559,3.0
250,250,9312.0,5734.0,288.0,94400.0,720.541975822175,1708006.0595433088,1413.7319690413972,1622605.7565661431,1064.595022315276,409122.2151543878,788.6306740341655,99600.0,62.875933878368684,1.4561820531762475,5.0
14,14,8458.0,4880.0,288.0,94400.0,643.927065672721,1074535.4681687357,1245.7058643183211,1020808.6947602987,950.8179619098945,285028.10004495515,775.7243132750781,99600.0,41.49005797484653,0.8009647584348206,3.0
158,158,8991.75,5413.75,288.0,94400.0,691.6740174432133,1439218.6767634274,1330.7721845260114,1367257.7429252565,999.8386984766294,347742.1237415028,769.9108877250118,99600.0,54.18974827155378,1.135531496240462,3.0
380,380,9739.0,6161.0,288.0,94400.0,759.1998209179592,2112518.6905372296,1493.4716935964625,2006892.7560103682,1114.8731071123525,473463.85613536095,805.9329693921602,99600.0,73.21319897519017,1.8306842297058583,3.0
344,344,9632.25,6054.25,288.0,94400.0,749.6760669158441,2026198.607830437,1475.16813256118,1924888.6774389148,1105.0289990527633,465201.013443499,794.5824228280583,99600.0,71.42110328272064,1.7567450863830132,3.0
194,194,9098.5,5520.5,288.0,94400.0,704.0284534141257,1544919.4094885825,1354.6652409611124,1467673.439014153,1014.3483122556296,364754.7680989216,771.6172487296758,99600.0,57.03767937607143,1.2240096344500302,3.0
86,86,8671.5,5093.500000000001,288.0,94400.0,661.8975555175924,1202519.6869345163,1260.5876242404324,1142393.7025877906,950.1358651614804,300130.36860234843,764.17947149905,99600.0,45.202232223141756,0.8725814279007066,3.0
324,324,9525.5,5947.500000000001,288.0,94400.0,727.7229747504757,1802082.463290081,1403.263123757496,1711978.3401255768,1054.8677364391347,426022.9588517051,772.2085337304187,99600.0,68.75313239862439,1.5500641250557812,1.0
276,276,9418.75,5840.75,288.0,94400.0,726.4119359984713,1774868.6256664102,1415.6853376472684,1686125.19438309,1063.3165270351137,419882.27914273116,782.2702403672981,99600.0,65.80543403874951,1.5169993984097656,1.0
187,187,9098.5,5520.5,288.0,94400.0,701.5766516203688,1525948.7602316537,1368.7912417450004,1449651.322220071,1029.9054521997386,367716.87898394425,782.2354191410568,99600.0,57.10194529891675,1.2595334424493183,2.0
376,376,9739.0,6161.0,288.0,94400.0,754.7177862276428,2069739.6576518437,1518.163660975998,1966252.6747692511,1148.4156366628733,495480.0803635981,817.0516762750426,99600.0,73.28407831254687,1.9130965196624037,5.0
38,38,8564.75,4986.75,288.0,94400.0,646.0656023560425,1099096.269092404,1249.8495693682282,1044141.4556377836,953.3571478611997,290597.31684477505,774.3182576476069,99600.0,42.76944640793276,0.8292923689961159,3.0
159,159,8991.75,5413.75,288.0,94400.0,691.1183298701759,1435089.8468740603,1348.2298974989435,1363335.3545303573,1016.1547515376147,350466.98425164126,781.1113197534082,99600.0,54.20500705265298,1.1715730688733583,4.0
112,112,8778.25,5200.25,288.0,94400.0,668.2427992704914,1255312.172775591,1298.2232033120724,1192546.5641368115,985.7829083476194,321573.8815243406,775.0254404287198,99600.0,48.36786341981108,0.9901841298894074,5.0
56,56,8564.75,4986.75,288.0,94400.0,651.0251174704835,1125845.1250007371,1245.8449123700125,1069552.8687507005,944.2752036493147,289423.082846936,768.8507220916638,99600.0,42.58750612939204,0.8134154343821385,3.0
99,99,8778.25,5200.25,288.0,94400.0,668.403656991669,1256331.1961119305,1300.770754558296,1193514.6363063338,985.1682249266852,317581.0865787539,777.9592395125599,99600.0,48.36249201092594,0.9943164962319418,4.0
256,256,9312.0,5734.0,288.0,94400.0,721.1245713374212,1712902.4919535606,1421.9519852687747,1627257.3673558824,1073.0685561657158,413858.0297322607,793.1461431209323,99600.0,62.86316365627473,1.4742708929983344,5.0
170,170,8991.75,5413.75,288.0,94400.0,695.3485797652305,1465425.557457835,1330.3680775166395,1392154.279584943,995.3634138674353,346650.3771412655,767.0782996992758,99600.0,54.077388416732724,1.126364583915157,3.0
252,252,9312.0,5734.0,288.0,94400.0,715.0386831096687,1661088.0616076887,1379.042069081836,1578033.658527304,1035.3195924356748,395768.854627044,772.0778244728928,99600.0,62.983346274949035,1.3874287746240406,1.0
39,39,8564.75,4986.75,288.0,94400.0,645.429534199774,1095690.6264476695,1264.5700591039779,1040906.0951252859,966.8238836651298,291631.6675018757,783.2627837956802,99600.0,42.792572149074346,0.8531204037976631,4.0
370,370,9739.0,6161.0,288.0,94400.0,753.913961528023,2062131.82743616,1507.241171886603,1959025.2360643519,1137.1465079419993,488359.61578797206,810.4969659753673,99600.0,73.29657011624779,1.8840703649252968,5.0
165,165,8991.75,5413.75,288.0,94400.0,692.2423197541137,1443361.1066716316,1364.6000323812148,1371193.0513380498,1029.5280670442262,352541.99103083275,790.4276219334373,99600.0,54.173378896444895,1.2018707100565258,4.0
264,264,9312.0,5734.0,288.0,94400.0,710.1610188104515,1619098.5919113453,1352.675237189528,1538143.6623157782,1016.1976284660403,387028.6615489671,761.5622206932228,99600.0,63.06029962442845,1.3368752108069375,1.0
24,24,8458.0,4880.0,288.0,94400.0,632.9294187493915,1013485.0819789628,1214.357348477554,962810.8278800144,933.6233874527783,279869.70301462326,768.8236292295315,99600.0,41.89024899818532,0.7756727809434867,1.0
326,326,9525.5,5947.500000000001,288.0,94400.0,745.8992194813377,1968417.0969472984,1456.9387365498849,1869996.242099933,1087.0920346175274,443719.6770760999,790.0002121504983,99600.0,68.45271412069687,1.6439345213565413,3.0
109,109,8778.25,5200.25,288.0,94400.0,670.2898966891528,1268328.5090931891,1319.583150928818,1204912.0836385295,999.57517443651,319128.5565039896,787.7642189076316,99600.0,48.29925256267453,1.0234169202795964,2.0
146,146,8885.0,5307.0,288.0,94400.0,686.0356319362827,1385497.0580893464,1306.3290209847391,1316222.205184879,977.3417617513513,329649.6361326431,764.2118815518847,99600.0,51.1003244598751,1.0338753668361194,3.0
104,104,8778.25,5200.25,288.0,94400.0,670.6449327568654,1270596.6316236604,1283.3824589399092,1207066.8000424774,967.2525608789372,315324.56702844816,766.203732068981,99600.0,48.2872969841531,0.9591190553120928,3.0
45,45,8564.75,4986.75,288.0,94400.0,646.3566117054906,1100656.7835911515,1277.6880431930354,1045623.9444115941,977.0924241288467,292246.34067517245,790.2701261643257,99600.0,42.75884986034679,0.8714749910990462,4.0
375,375,9739.0,6161.0,288.0,94400.0,756.0973164841737,2082845.1917063831,1537.1610662920773,1978702.932121064,1160.2928077659699,490218.08127808716,828.6465499973053,99600.0,73.26255946234079,1.9638947288015012,4.0
96,96,8778.25,5200.25,288.0,94400.0,665.1758690693438,1235712.2388482387,1275.9793311575827,1173926.6269058266,966.0923422393088,314139.21415118896,766.37882030354,99600.0,48.468123756870135,0.9576945833131602,1.0
98,98,8778.25,5200.25,288.0,94400.0,668.9981860636431,1260103.0874691405,1284.7505756230944,1197097.933095683,970.3712858975264,315839.1456474507,768.1337012769708,99600.0,48.3426098649265,0.9649873904244656,3.0
148,148,8885.0,5307.0,288.0,94400.0,680.4714459263332,1347911.1891852254,1329.7612676220003,1280515.629725964,1009.0550715003627,341625.547600781,779.8896981816326,99600.0,51.280650489660594,1.0900081414631884,5.0
81,81,8671.5,5093.500000000001,288.0,94400.0,658.2555289312255,1181779.4906177106,1309.5723867401375,1122690.516086825,997.5214869075746,305799.2373888297,796.0729108650693,99600.0,45.33295019458368,0.960330416123079,4.0
180,180,9098.5,5520.5,288.0,94400.0,700.4938282411509,1517572.5316982327,1356.2074458563275,1441693.905113321,1019.7879471605644,365923.36192384,775.1818051097131,99600.0,57.12952596799132,1.2353767786503929,0.0
352,352,9632.25,6054.25,288.0,94400.0,747.8286174283483,2008773.5624073585,1505.952801553446,1908334.8842869904,1141.169895633748,486299.93775501044,815.8031019472581,99600.0,71.4525529518357,1.846728180279432,5.0
348,348,9632.25,6054.25,288.0,94400.0,737.5659369492478,1911448.2698162997,1430.8157114269093,1815875.8563254843,1073.7746101740906,443484.3071226819,782.9757974738893,99600.0,71.58614380181645,1.666575348864528,1.0
219,219,9205.25,5627.25,288.0,94400.0,711.7166207387877,1619780.2119748804,1398.603688307971,1538791.2013761362,1052.4410986342205,387631.23685571935,789.6781459298477,99600.0,59.983498572880976,1.3712987183860057,4.0
46,46,8564.75,4986.75,288.0,94400.0,644.6745116325178,1091657.372333105,1253.8619200918015,1037074.5037164495,958.9517790794944,291853.606278367,776.9899435567813,99600.0,42.81995963517948,0.8381813959546826,5.0
327,327,9525.5,5947.500000000001,288.0,94400.0,743.0058918995105,1942509.694417521,1530.5323972750784,1845384.209696645,1157.0401015927694,460227.69355951523,839.6635803087021,99600.0,68.52331816330582,1.84720951770965,4.0
283,283,9418.75,5840.75,288.0,94400.0,731.3722790987433,1818457.81685992,1457.2518918092273,1727534.9260169237,1096.8485550630685,429536.79084722424,804.6717160209747,99600.0,65.71043074338625,1.6084992304049022,2.0
337,337,9632.25,6054.25,288.0,94400.0,746.8556997256767,1999643.6173009062,1489.3404008941175,1899661.436435861,1120.9332566744952,469265.15234790347,805.8402358066827,99600.0,71.46903117302051,1.803279107147358,2.0
43,43,8564.75,4986.75,288.0,94400.0,646.2843649429744,1100269.2260562128,1271.377586470323,1045255.764753402,971.7229725389133,291886.24616512144,786.6614809649295,99600.0,42.761481538466136,0.8618883443246744,2.0
195,195,9098.5,5520.5,288.0,94400.0,702.8508004520974,1535854.9404913704,1390.2656326944964,1459062.1934668017,1047.8349198993815,370900.97161949216,794.7592507976007,99600.0,57.06932691005042,1.3023056595105735,4.0
350,350,9632.25,6054.25,288.0,94400.0,751.8890178074863,2047151.2876236208,1477.1192015881009,1944793.72324244,1104.5335437845797,464987.00126562756,794.2764411538168,99600.0,71.3815273878512,1.7561954371083344,3.0
157,157,8991.75,5413.75,288.0,94400.0,691.0386429498227,1434498.59730808,1344.1458766215114,1362773.667442676,1012.5803223822123,349885.2284469688,778.6437849045004,99600.0,54.20719211426704,1.1635867598997935,2.0
316,316,9525.5,5947.500000000001,288.0,94400.0,738.8135792418902,1904235.108628172,1471.1145662970087,1809023.3531967632,1111.0364875950424,456783.83653399907,803.7627632420683,99600.0,68.60171187338133,1.6999117287132541,5.0
48,48,8564.75,4986.75,288.0,94400.0,638.2424855800792,1055592.359367494,1224.5334492270142,1002812.7413991193,938.007262893076,286342.56980306265,767.7569112045602,99600.0,43.05004259111272,0.8059138524674275,1.0
114,114,8778.25,5200.25,288.0,94400.0,658.7130507644688,1193075.9936281573,1245.1089565851019,1133422.1939467494,943.651407458741,307350.04251806106,755.1635924744887,99600.0,48.66314118676795,0.9170989619347965,1.0
249,249,9312.0,5734.0,288.0,94400.0,721.2382969603433,1713859.6338818471,1423.6092948312098,1628166.6521877546,1071.160064409425,407537.59055668977,794.6651423928907,99600.0,62.860667366328194,1.4779330416160474,4.0
19,19,8458.0,4880.0,288.0,94400.0,643.4635775150306,1072067.577497788,1278.9037316803572,1018464.1986228984,980.0189312307992,287011.32606555754,795.4975465187136,99600.0,41.50726994540733,0.8513492215449542,2.0
247,247,9312.0,5734.0,288.0,94400.0,721.1330903903917,1712974.1752319988,1419.0386242597822,1627325.4664703987,1067.1142757487294,406693.1207964851,791.8320420426464,99600.0,62.862976701506575,1.4673279880475691,2.0
66,66,8671.5,5093.500000000001,288.0,94400.0,653.0508717497212,1150901.6900445984,1255.9208055256374,1093356.6055423685,955.271682452362,300172.91280341696,768.1325971128525,99600.0,45.51464910337206,0.8829813619547667,1.0
126,126,8885.0,5307.0,288.0,94400.0,676.7278571033579,1321965.4125493641,1297.358248759279,1255867.1419218956,978.9173223184657,328991.3498195912,765.9143077008558,99600.0,51.39252849896071,1.0374266657437363,1.0
246,246,9312.0,5734.0,288.0,94400.0,717.4750499882488,1682157.3353051553,1392.3358981821896,1598049.4685398976,1045.7952060020516,400159.67505979846,778.1389973208028,99600.0,62.94022041360907,1.4130177192188969,1.0
127,127,8885.0,5307.0,288.0,94400.0,679.9739427788087,1344583.5676808741,1320.271197856741,1277354.3892968302,996.6221401577928,333086.79379494314,776.6385394233052,99600.0,51.29656450070698,1.0732842483931413,2.0
216,216,9205.25,5627.25,288.0,94400.0,708.0310396860389,1590191.2752552992,1368.2303397582173,1510681.711492534,1027.9358379320342,380926.3660654725,773.8353078294749,99600.0,60.070263105369996,1.3119540935035074,1.0
378,378,9739.0,6161.0,288.0,94400.0,744.9930068515625,1976455.2284808832,1453.0831243506473,1877632.467056839,1091.5382812119003,458311.26303729526,792.203818326953,99600.0,73.39690931670233,1.7539518702081671,1.0
248,248,9312.0,5734.0,288.0,94400.0,721.8104119873299,1718681.306233719,1404.9165576488085,1632747.240922033,1053.5143451447784,403880.4595477553,782.3894171743923,99600.0,62.848092123449575,1.4322329493590489,3.0
67,67,8671.5,5093.500000000001,288.0,94400.0,656.1874173320067,1169578.553195459,1276.9367770774925,1111099.625535686,971.14894679854,303146.4317405525,777.8635178787683,99600.0,45.40578805948243,0.9109154722338848,2.0
226,226,9205.25,5627.25,288.0,94400.0,711.5553157587566,1618475.7249041325,1396.2562961799852,1537551.938658926,1053.5753657270807,393216.78310678975,787.7115657090468,99600.0,59.987323759703465,1.366400633707069,5.0
208,208,9098.5,5520.5,288.0,94400.0,702.5669903061632,1533643.701841571,1385.7922788160085,1456961.516749492,1050.2383298882987,381392.9197616678,790.8282115242099,99600.0,57.07660792455494,1.2934137523623406,5.0
258,258,9312.0,5734.0,288.0,94400.0,712.5783145209951,1640050.6174714991,1365.7428025069785,1558048.0865979241,1024.8459219277686,391373.5448781833,766.0553148579788,99600.0,63.02640698562148,1.3619714877817903,1.0
